date,snippet
sebulan lalu,"Makam Gus Dur berada di kompleks pondok pesantren Tebuireng-Diwek-Jombang. Destinasi wisata religi yg tak pernah sepi oleh peziarah. Gus Dur adalah tokoh pluralisme Indonesia. Yg berziarah bukan hanya umat muslim saja, tp sdh dari lintas agama.

Utk menuju makam, disediakan lahan parkir sgt luas diarea belakang. Dg berjalan kaki, kita akan melewati kiosÂ² yg menjual berbagai macam olehÂ², dr busana muslim, makanan, aksesoris, kedai kopi dan msh banyak lg yg lainnya. Yg secara tdk lgsg sgt membantu perekonomian masyarakat sekitar.

Setelah melewati kiosÂ² td, akan terlihat pintu utama masuk area pesarehan.
Melewati lorong yg tdk begitu jauh, kita akan sampai di area pemakaman."
2 bulan lalu,Tempat ziarah yang nyaman buat ziarah sekeluarga maupun rombongan. Didekat makam ada pasar juga yang menyediakan banyak barang juga makanan buat oleh-oleh. pas weekend tempatnya selalu rame oleh peziarah dari penduduk lokal maupun luar kota. tempatnya juga indah. parkirannya agak jauh dari makam jadi ya harus jalan kaki ke makam.
3 bulan lalu,"Alkhamdulillah saged sowan mrikiâœ¨
Saya baru tahu kalau kesini ada jam operasionalnya, saya kira sama dengan tempat waliyullah yang lain 24jam.
Datang kesini kebetulan jam 21:20, masih cukup ramai karena shift malam baru buka jam 21.00 - jam 03:00..
Dan Alkhamdulillahnya bisa lenggah didekat maqam beliau, karena tidak begitu padat. Hanya saja beberapa fasilitas diluar seperti toilet, musholla masih perlu ditingkatkan lagi, dari segi kebersihannya sih yang penting. Karena mengingat ini adalah tempat Maqam Waliyullah juga seharusnya sekelilingnya tetap menjaga kebersihan, syukur syukur tempat Ibadah fasilitas Wudhu dan toilet pun ikut gratis dan tetap menjaga kebersihan supaya nyaman"
4 bulan lalu,"Tepat di tanggal 18 Agustus 2024 kemarin, berkesempatan untuk bisa ziarah ke makam salah satu presiden Republik Indonesia yaitu Makam Gus Dur. Makam Gus Dur berlokasi di dalam pondok pesantren sehingga ada waktu khusus untuk berkunjung. Apabila tidak sesuai waktunya maka peziarah bisa menunggu sambil melihat berbagai macam jajan atau pernak-pernik yang dijual di sekitar areal parkir. Areal parkir berada cukup jauh dari makam sehingga perlu stamina untuk jalan kaki. Akan tetapi tidak perlu khawatir karena menuju makam banyak yang menjual oleh-oleh khas wisata religi sehingga jalan pun tidak terasa jauh. Banyak tukang foto keliling yang akan paparazi dan menjual hasil foto cetakan ketika akan pulang. Di areal parkir ada masjid yang belum selesai dibangun. Semoga suatu saat bisa berkunjung kembali"
4 bulan lalu,"Menjadi salah satu destinasi wisata religi di kawasan Jombang
Berada di kawasan pondok pesantren
Parkirnya lumayan sih
Tapi kalo Ndak mau jalan bisa naik ojek
Itung itung nambah penghasilan warga sekitar
Jangan lupa belanja oleh oleh di sepanjang jalan yang akan kita lalui
Harga lumayan bersaing kok tidak terlalu mahal dan bisa di tawar"
3 bulan lalu,"Makam Gus Dur, sudah 3 kali berziarah ke sini, pernah 1 kali tidak bisa masuk karena tutup di Era Corona, Alhamdulillah, sangat indah, adem , rame banyak peziarah."
6 bulan lalu,"Tempat yang sangat terawat karena berada di dalam area pondok pesantren. Datang kesini menjelang pagi, jam set-2. Dari parkir bus jalan kaki cukup jauh, tapi banyak yg berjualan. Karena tengah malam, jadi sepi dan tertib. Harga makanan masih cukup terjangkau."
4 bulan lalu,"Makam Gus Dur, yang berada di kompleks Pesantren Tebuireng, Jombang, Jawa Timur, adalah salah satu destinasi wisata religi yang sangat populer di Indonesia. Makam ini menjadi tempat ziarah yang ramai dikunjungi oleh berbagai kalangan, terutama umat Islam, karena Gus Dur (KH Abdurrahman Wahid) adalah tokoh nasional yang dihormati sebagai ulama, mantan Presiden Indonesia ke-4, dan simbol pluralisme.

Ciri Khas dan Suasana

1. Lokasi Bersejarah
Kompleks pemakaman ini tidak hanya menjadi tempat peristirahatan Gus Dur, tetapi juga anggota keluarga besar Pesantren Tebuireng, seperti pendirinya, KH Hasyim Asy'ari (pendiri Nahdlatul Ulama), dan KH Wahid Hasyim. Lokasi ini kental dengan nilai sejarah dan tradisi keislaman.

2. Nuansa Religius dan Damai
Suasana di makam sangat khusyuk, dengan banyak pengunjung yang datang untuk berdoa, membaca tahlil, atau merenungkan perjuangan dan ajaran Gus Dur. Area ini dikelola dengan baik sehingga terkesan bersih dan tertata.

3. Fasilitas untuk Pengunjung

Area makam memiliki tempat duduk, pendopo, dan area parkir yang memadai untuk menampung ribuan peziarah.

Tersedia pasar ziarah di sekitar kompleks yang menjual berbagai cendera mata, buku, dan kebutuhan ibadah seperti tasbih.

Pengunjung juga dapat menikmati layanan pemandu untuk memahami sejarah Pesantren Tebuireng dan kiprah keluarga besar Gus Dur.

4. Pesan Moral dan Inspirasi
Ziarah ke makam Gus Dur sering kali memberikan inspirasi tentang nilai-nilai toleransi, perdamaian, dan keadilan sosial yang diperjuangkannya semasa hidup. Pengunjung juga dapat belajar dari perjuangan Gus Dur yang gigih membela hak-hak minoritas dan menjaga kerukunan bangsa.

Waktu Kunjungan

Makam ini ramai dikunjungi terutama pada hari-hari besar Islam, haul Gus Dur, dan akhir pekan. Meskipun selalu ramai, suasana tetap tertib karena panitia lokal dan pengelola pesantren aktif menjaga ketertiban pengunjung.

Wisata religi ke makam Gus Dur bukan hanya sebuah perjalanan spiritual, tetapi juga pengingat tentang pentingnya kebhinekaan dan perjuangan moral dalam kehidupan.

Ziarah wisata religi"
3 bulan lalu,Alhamdulillah wa syukurillah...bisa ziarah ke mkm...beliau ...mlh pengin kesini LG klo ada rezeky dan waktu...sama PGN beli2 kaos terutama ...
7 bulan lalu,"Jauh2 dari Bungo, dan untuk pertama kalinya ke makam Gus Dur sama suami, agak bingung juga cari makamnya. Karena waktu itu petunjuk jalan kemakamnya kurang jelas. Sepanjang jalan ke makam banyak orang berjualan. Tapi kebetulan waktu itu tidak terlalu ramai pengunjung jadi lebih leluasa aja."
7 bulan lalu,"Parkiran bis lumayan jauh,tidak ada ojek disini,kalau kesini berombongan harap tidak mencar karena disini sangat ramai pengunjung harap berhati hati bila membawa anak kecil,untuk toilet pria atau wanita tersedia banyak disini toiletnya bersih dan tidak bau,disini banyak pedagang bila ingin membeli oleh oleh tidak bingung,tapi ada pedagang yang jualanya agak maksa hehe"
9 bulan lalu,Ramai Pengunjung Peziarah. Baik hari kerja maupun terlebih hari libur. Berkesempatan Ziaroh ke makam ini saat mendampingi siswa Tour Religi 18 Juli 2024.
sebulan lalu,"Makam Gus Dur, yang terletak di kompleks Pondok Pesantren Tebuireng, Jombang, Jawa Timur, adalah tempat peristirahatan terakhir Presiden ke-4 Republik Indonesia, KH Abdurrahman Wahid, yang akrab disapa Gus Dur. Beliau wafat pada 30 Desember 2009 dan dimakamkan pada 31 Desember 2009. Makam ini tidak hanya menjadi tempat ziarah bagi masyarakat Indonesia, tetapi juga simbol inspirasi dan kehidupan yang mencerminkan nilai-nilai toleransi, pluralisme, dan kemanusiaan yang diperjuangkan oleh Gus Dur sepanjang hidupnya.

Latar Belakang dan Pemilihan Lokasi Makam

Gus Dur lahir pada 7 September 1940 di Jombang, Jawa Timur, dan berasal dari keluarga ulama terkemuka. Kakeknya, KH Hasyim Asy'ari, adalah pendiri Nahdlatul Ulama (NU), organisasi Islam terbesar di Indonesia, sementara ayahnya, KH Wahid Hasyim, adalah Menteri Agama pertama Indonesia. Dengan latar belakang keluarga yang kuat dalam pendidikan Islam, tidak mengherankan jika Gus Dur memilih untuk dimakamkan di kompleks pesantren yang didirikan oleh kakeknya. Keputusan untuk dimakamkan di Tebuireng juga mencerminkan kedekatan emosional dan spiritual Gus Dur dengan pesantren tersebut.

Perkembangan Kompleks Makam

Sebelum Gus Dur dimakamkan di sana, kompleks makam Tebuireng sudah menjadi tempat peristirahatan dua pahlawan nasional, yaitu KH Hasyim Asy'ari dan KH Wahid Hasyim. Namun, setelah pemakaman Gus Dur, kompleks ini mengalami peningkatan signifikan dalam jumlah peziarah. Lorong-lorong yang dulunya merupakan kamar santri kini telah diubah menjadi jalur bagi peziarah, lengkap dengan deretan pedagang yang menjual berbagai suvenir dan oleh-oleh khas.

Fakta Unik dan Menarik

Makam Gus Dur memiliki beberapa fakta unik yang menarik perhatian:

Lokasi Pemakaman: Gus Dur dimakamkan di lokasi yang sama dengan kakek dan ayahnya, menjadikannya satu kompleks makam keluarga yang dihormati.

Destinasi Wisata Religi: Kompleks Makam Gus Dur (KMGD) telah menjadi destinasi wisata religi bertaraf nasional bahkan internasional. Pada tahun 2017, kawasan ini ditetapkan sebagai yang terbaik pada Anugerah Wisata Jawa Timur (AWJ) untuk kategori Daya Tarik Wisata Budaya.

Jadwal Kunjungan: Makam ini memiliki jadwal kunjungan yang teratur. Pintu masuk ditutup sesaat sebelum maghrib dan dibuka kembali setelah salat Isya, memungkinkan peziarah untuk berdoa hingga menjelang subuh.

Pengelolaan Dana Amal: Kotak amal di area makam dapat mengumpulkan dana hingga ratusan juta rupiah per bulan. Dana ini digunakan untuk mendukung kegiatan sosial, seperti membantu guru ngaji dan anak yatim.

Makna Spiritual dan Sosial

Makam Gus Dur bukan hanya tempat peristirahatan terakhir seorang tokoh besar, tetapi juga menjadi simbol inspirasi bagi banyak orang. Nilai-nilai yang diperjuangkan oleh Gus Dur, seperti toleransi, pluralisme, dan kemanusiaan, terus hidup dan menjadi pedoman bagi para peziarah yang datang. Selain itu, makam ini juga menjadi pusat kegiatan sosial dan keagamaan, mencerminkan semangat Gus Dur dalam memajukan pendidikan dan kesejahteraan masyarakat.

Penutup

Makam Gus Dur di Tebuireng, Jombang, bukan sekadar tempat peristirahatan terakhir seorang mantan presiden, tetapi juga menjadi pusat spiritual dan sosial yang memancarkan nilai-nilai luhur yang beliau perjuangkan. Keberadaan makam ini mengingatkan kita akan pentingnya menjaga semangat toleransi, pluralisme, dan kemanusiaan dalam kehidupan bermasyarakat."
4 bulan lalu,"Masyaallah, tempat yang adem karna berada di pesantren. parkir mobil bisa didepan smp"
setahun lalu,"KH. Abdurrahman Wahid atau yang lebih dikenal dengan nama Gus Dur, seorang ulama kharismatik, tokoh pluralisme, Presiden RI ke 4 yang dicintai rakyatnya, tidak hanya oleh kalangan muslim tetapi juga non muslim khususnya dari etnis Tionghoa.

Makamnya terletak di kompleks Pondok Pesantren Tebuireng Jombang, yang juga merupakan makam keluarga KH. Hasyim Asy'ari seorang ulama Pendiri NU. Alhamdulillah bisa datang ke sini pada 24 Februari 2024 menjelang Ramadhan bersama rombongan ziarah musholla. Suasananya begitu ramai, banyak peziarah yang datang dari penjuru daerah.

Untuk sampai di kompleks makam Gus Dur, harus berjalan kaki dari tempat parkir bis yang jaraknya cukup jauh dan melewati warung-warung penjual jajanan, makanan, souvenir, dan oleh-oleh khas Jombang. Setelah melewati bangunan megah pintu utama Pondok Pesantren Tebuireng, akan sampai di kompleks makam.

Sayangnya saat datang kesini diwaktu malam dan dibatasi waktu sehingga tidak bisa leluasa berziarah dan melihat-lihat bangunan sekitar antara lain museum Islam. Sementara untuk berziarah saja harus berdesak-desakan dengan rombongan lain. Masya Allah Gus Dur.... cahaya Allah menerangi para pecinta mu untuk datang ke kubur mu... Al Fatihah..."
setahun lalu,"Alhamdulillah bisa sampai ke makam Gus Dur dan berdo'a serta zikir bersama, makam tidak pernah sepi, ketika saya masuk kesana, orang-orang berbondong bondong juga masuk dan keluar karena bergantian, seperti mall yang sedang mengadakan flash sale, MasyaAllah, mudahan berkah barokah semua Aamiin ya Allah."
setahun lalu,"Suasana pas bulan ramadhan, sekalian ikut shalat taraweh di dalam masjid ponpes Tebu Ireng,
Rame santri, karena kebetulan habis hujan, suasananya sejuk tentram damai meresap sampai kedalam hati, apalagi setelah ziarah, hati jadi benar benar damai"
2 bulan lalu,Pasar dan area parkir kotor namun ketika masuk gerbang pondok lebih rapi bersih dan nyaman
5 bulan lalu,Alhamdulillah bisa ziarah ke makam Gus Dur bagi yang ingin berkunjung jam malam tutup jam 2 malam
setahun lalu,"[Diambil tanggal 20 November 2022] Makam Gus Dur. Merupakan salah satu destinasi wisata religi. Tujuan berkunjung salah satunya untuk berziarah. Dari parkiran menuju makam diperlukan waktu Â±10menit dengan berjalan kaki. Di sepanjang perjalanan banyak warung/toko baju, aksesoris, oleh-oleh yang bisa dikunjungi."
setahun lalu,"Salam Negeri Tercinta @akmalbasinda

Makam Presiden Republik Indonesia Gus Dur, KH Abdurrahman Wahid.

Bersama keluarga besar, Syaikhona KH Hasyim Asy'ari dan KH Wahid Hasyim di tengah tengah Pondok Pesantren Tebu Ireng Jombang Jawa Timur.

Semoga Allah SWT kabulkan do'a terbaik dan hajat kita semua melalui para Auliya di makam ini. Aamiin ya robbal'alamin.

Terima kasih,
#akmalbasinda
#cahPulasariDieng"
setahun lalu,"Makam waliyullah sekaligus presiden Republik Indonesia yang ke 4
Komplek makam berada d wilayah pondok pesantren Tebuireng Jombang,,makam sangat terawat bersih dan rapi
Banyak kios Â² yg berjualan oleh Â² ,,baik itu makanan, pakaian, tasbih, aksesoris dll ...
Kesana pake mobil pribadi,, kebetulan kmren parkir dekat gedung SMP Wahid Hasyim,,, biaya parkir 10k
Toilet dan tempat sholat juga tersedia"
setahun lalu,"Pertama berziarah ke makam gus Dur di jombang, tempat makam satu kompleks dengan pondok pesantren Tebu Ireng, tempat makam keluarga atau pesarean keluarga KH Hasyim Asyari Pendiri Nahdlatul Ulama
Mulai dari masuk fasilitas parkir yang luas, dan bapak parkir yang ramah, kemudian untuk menuju makam kita harus berjalan melewati gang kampung yang dipenuhi dengan para penjual jajanan,mainan anak,oleh oleh dan pakaian cindera mata khas setempat dan pastinya dengan kearifan lokal dan keramahan yg luar biasa
Sebelum masuk area makam, terdapat fasilitas toilet yg bersih dan tempat wudhu
Ada maket lokasi kompleks pondok pesantren dan makam, terdapat keterangan nama nama yg dimakamkan di tempat tersebut, yg kesemuanya merupakan keluarga keturunan dari KH Hasyim Asyari
Dengan banyaknya para peziarah menjadi berkah untuk warga sekitar dan dapat menaikkan perekonomian warga sekitar
Jangan lupa beli jajan atau oleh oleh bpk ibu penjualnya ramah ramah"
2 bulan lalu,Minggu kemarin ziarah kesini di tutup karena pintu masuk sama pintu keluar sama rombongan peziarah banyak masjid dekat pemakaman belum jadi ğŸ˜­ğŸ˜­ngalap barokah alhamdulillah suasana seger udaranya cuman ga bisa ke pemakaman karena overload tempat nya ğŸ˜­
2 minggu lalu,"Suasana yang ramai pengunjung menambah semangat ingin sampai lokasi makam, ditempuh jalan berkelok dihiasi beberapa wahana santai bisa untuk Selfi juga pedagang kiri kanan jalan menambah gairah pada titik lokasi dan akhirnya saat jam masuk ke makam tiba rasa lega bisa hadir di sisi makam K.H.Abd.Rohman Wachid... Alhamdulillah"
setahun lalu,"Makam KH Abdurrahman Wahid (Gus Dur) berlokasi di kompleks Pondok Pesantren Tebuireng, termasuk salah satu destinasi wisata religi dan sejarah di Kabupaten Jombang, selain Gus Dur disini juga dimakamkan pendiri organisasi Islam NU yaitu KH Hasyim Asy'ari dan juga ayah Gus Dur KH Wahid Hasyim yang merupakan tokoh nasional...

Saat berada di pintu masuk area makam Gus Dur peziarah akan melewati lorong panjang yang di samping kanan-kirinya ada puluhan pedagang oleh2, makamnya tak pernah sepi dikunjungi peziarah dari berbagai daerah bahkan luar negeri karena memang beliau dikenal sebagai mantan Presiden, tokoh nasional dan ulama besar...

Makam dibuka mulai pukul 07.00 hingga 16.00 WIB dan berikutnya mulai pukul 20.00 hingga 03.00 WIB, biasanya area sekitar juga dipadati oleh santri yang lalu lalang karena memang makamnya terletak didalam lingkungan pesantren..."
sebulan lalu,"Makam yang selalu ramai pengunjung, apalagi kalau hari Ahad full...
Buka gerbang pagi  jam 08.00 - 16.00
Malam buka lagi mulai pukul 20.00"
2 tahun lalu,"Sudah banyak berubah di area makam Tebuireng Jombang. Sekarang, makam Gus Dur benar-benar sudah menjadi tempat wisata yang sangat ramai. Pedagang dengan berbagai macam jenis tersedia di sini.

Kalau di akhir pekan, mau siang ataupun malam tetap ramai. Maka, kalau untuk mencari ketenangan datanglah pada waktu tengah pekan pada jam-jam sebelum subuh.

Kalau untuk berziarah sekaligus berwisata maka akhir pekan merupakan waktu yang tepat. Bisa berwisata sambil mengedukasi anak-anak untuk tidak melupakan sejarah.

Untuk pusat jajanan dan oleh-oleh nampaknya sudah cukup terorganisir, karena tidak ada perbedaan harga yang sangat mencolok. Jadi, para peziarah tidak takut untuk 'ditembak' harga.

Di area makam gus dur banyak sekali spot-spot wisata. Dan ada museumnya juga. Cocok buat foto-foto bagi yang menginginkan sebagai oleh-oleh."
setahun lalu,"Salah satu tokoh besar di Indonesia, ulama sekaligus Presiden Republik Indonesia ke 4, KH Abdurrahman Wahid (Gus Dur). Beserta Makam para sesepuh pendiri Pondok Pesantren Tebuireng,"
11 bulan lalu,"Suka kesini Jalan-jalan, sekalian Ziarah makam. Tapi yg wajib kudu dibeli adalah Dodol coklatnya ğŸ˜ğŸ˜ğŸ˜ğŸ˜ğŸ˜ğŸ˜ enak buwanget gilakkkkk asli

Parkir motor : 2000
Wingko babat : 15.000
Tahu kuning : 10.000
Madu Asli 1 lt : 120.0000
Dodol : 10.000/pax
Permen tape : 10.000
Sutil kayu : 10.000
Mainan Kecapi : 25.000
Kain Sarung khas Jombang : 40.000
Susu Murni : 7000
Teoppoki : 8000
Keripik Usus : 10.000
Bakpia basah : 15000/dus
Bakpia kering : 20.000/dus

Penjual Ramah Asli, aku suka karena mereka melayani dengan sepenuh hati dan Sebagian besar mereka adalah penduduk asli atau Warlok yg membangun usaha disini.

Jadi ini 100% UMKM yg harus kita dukung ya teman-teman. Jangan lupa kalau kesini Mampir dan beli Oleh-olehnya !!!!

Yuk DUKUNG UMKM WARLOK dengan cara membeli tanpa Menawar ya, karena ndek kene wes Murah pwolllll rek asli.

ğŸ’ƒğŸ’ƒğŸ’ƒğŸ’ƒğŸ’ƒğŸ’—â™¥ï¸ğŸ’—â™¥ï¸ğŸ’—â™¥ï¸"
2 bulan lalu,"Tempatnya bagus dan bersih, untuk parkirnya itu luas banget. Dan disekitar makam ada banyak toko buat oleh-oleh gitu, pokoknya keseluruhan itu udah okelah bagi saya."
2 tahun lalu,"Makam Gus Dur memiliki parkir yang sangat luas bisa muat bus, mobil, sepeda motor. Utk menuju Makam nya harus berjalan terlebih dahulu melewati gangÂ² dan disamping kanan kirinya terdapat org yg berjualan, suasananya mirip pasar. Terdapat 1 pintu masuk dan keluar utk menuju ke Makam. Makam tsb juga merupakan kompleks pesarean keluarga pesantren Tebuireng Jombang. Suasana di dalam cukup sejuk dan luas bagi para peziarah. Rekomended bagi wisatawan yg berkunjung ke Jombang dan mampir untuk wisata religi di sini (Makam Gus Dur)"
2 minggu lalu,Tingkatkan kebersihan...  benahi tata kelola parkir
6 bulan lalu,"Alfatihah...

Alhamdulillah, bisa berziarah ke makam-makam di area komplek Tebuireng Jombang."
2 tahun lalu,"Pengalaman pertama nge trip motoran sama temen malam hari pula, tempatnya masih sama bersih, sama ramainya dan juga sama suasananya seperti beberapa tahun silam...
Seperti kebanyakan makam para wali, menuju makam terdapat banyak sekali toko pakaian hingga toko oleh oleh, and don't miss it to buy siomay khas jatim mantap poll..hehe

Semoga diberi keluberan barokah dari poro kyai, poro wali poro ulama dengan banyak berziarah juga diberi kesempatan untuk berkunjung lagi setelahnya.  Aamiin...."
5 bulan lalu,"Dua kali ziarah kesini, pertama bersama keluaga sendiri, belasan tahun lalu. Tahun lalu bersama dengan rombongan ziarah kampung. Semoga senatiasa di Rahmati Allah SWT"
3 tahun lalu,"Pengalaman pertama ke sini. Diajak oleh teman-teman Komunitas Guru Belajar Nusantara (KGBN) Kabupaten Jombang. Bu Alfi, pak Hakim dan ketua KGBN Jombang, ibu Nodrah. Saya melihat peziarah dari berbagai tempat. Sangat ramai, padat, antrian.

Saya menyaksikan langsung bagaimana kecintaan peziarah pada para guru di Tebuireng. Doa-doa yang tak pernah putus, dilantunkan dari satu rombongan ke rombongan berikutnya. Sungguh berkesan.

Ibu Alfi kemudian menunjukkan tebu Ireng yang tumbuh di sekitar sumur tua."
setahun lalu,"Sering kesini bareng rombongan gitu
Tapi seringnya bareng keluarga
Makamnya bersih ,rapi ,dan terawat
Ada cctv juga disana
Banyak penjual makanan dan oleh-oleh
Juga bajuÂ² ,songkok,minyak wangi dll
Ada ATM BCA juga di pintu masuknya
Kalo dari parkiran bis lumayan jauh dan ngelewatin banyak penjual UMKM disana
Dan ngelewatin museum Minha
Salam sukses"
setahun lalu,"Kompleks pemakaman keluarga KH Hasyim Asy'ari..berada disekitar area pondok Pesantren Tebuireng..selain itu,kita juga dapat berziarah ke makam Gus Dur..tempat asri,sejuk"
setahun lalu,"Berziarah ke makam mbah hasyim & gus dur, berkali kali ke sini, namun baru kali ini berkunjung ke museum, museumnya bagus, rapi, gratis masuknya, nambah wawasan mengenai masuknya islam ke nusantara."
setahun lalu,"Alhamdulillah masih diberi kesempatan untuk berkunjung dan mendoakan salah satu tokoh intelektual islam sekaligus Mantan presiden RI.
Terharu karena tidak pernah sepi penggunjung."
2 tahun lalu,"Tempat yang wajib di kunjungi nih, fix dijamin senang. Lengkap dengan pasar tradisionalnya dan museum islam juga pondok pesantren nya.. lokasi parkir ke makam nya lumayan ğŸ˜… buat jalan sehat, tp g kerasa karena sepanjang jalan kita bisa belanja oleh-oleh. Jangan lupa sisihkan infaq terbaik seikhlasnya ya.. semoga berkah.."
setahun lalu,"Pernah ziarah ke makam beliau pas lagi lewat di area pondok tebu ireng jombang, tempatnya syahdu sekali untuk bertirakat di sana...ğŸ™"
setahun lalu,"Makam sangat nyaman dan bisa khusyu', energi positifnya sangat bisa dirasakan. Tersedia pula parkir bagi kendaraan R2 atau R4 ada juga kamar mandi. Saran saja datang antar jam 8 sampai jam 3 atau bisa dilihat sesuai jadwal. Semoga kita selalu mendapatkan keberkahan dari almarhum keluarga besar pondok tebuireng"
5 bulan lalu,Makam nya terawat dan parkir luas ...
setahun lalu,"Alhamdulillah dapat kesempatan ziaroh ke guru bangsa, sayang kaca miniatur denahnya buram."
10 bulan lalu,"Tempat ziarah
tutup 03.00-09.00 pagi
buka jam 09.00-15.00
jam15.00-21.00 tutup
buka lagi jam 21.00-03.00 pagi

Biaya parkir big bus 25.000"
5 bulan lalu,"Tgl 20 okt 2024 saya mengikuti perjalanan religi. Salah satunya kemakam ini makam Presiden Ri ke 3 kyai haji Abdul rahman wahid/Gusdur pengunjung sangat ramai untuk memanjadkan doa..mudah mudah suatu saat bisa berkunjung lagi..
Aamiin...."
5 bulan lalu,"tempat religi yg bagus tapi sayang penjual makanan agak lain , suka triak2 sambil nariki orang lewar ,
harga mahal , tapi rasa ala kadarnya .

tolonglah d tegur , minimal tidak bikin peziarah kecewa"
5 tahun lalu,"Di makam Pesantren Tebuireng, Jombang, selain ada KH Abdurrahman Wahid atau yang akrab disapa Gus Dur, juga dimakamkan pendiri organisasi Islam Nahdlatul Ulama, KH Hasyim Asy'ari, serta ayahandanya yang juga tokoh nasional KH Wahid Hasyim. Selain itu, sejumlah kiai dan keluarga juga dimakamkan di lokasi tersebut.

Lokasi untuk peziarah di makam Gus Dur itu juga sudah dibangun sedemikian rupa. Selain bale tepat di depan makam di bagian timur juga sudah dibangun bahkan hingga dua lantai.

Mereka tetap bisa dengan khusyuk berziarah di tempat ini. Bahkan, di tempat ini juga dipasang seperti pendingin ruangan yang bisa mengalirkan uap air, sehingga ruangan juga menjadi sejuk kendati di tempat terbuka."
6 tahun lalu,Makam Gus Dur atau yang lebih dikenal dengan nama KH. Abdurrahman Wahid memiliki banyak pengunjung setiap harinya. Makam sang mantan presiden serta ulama ini tidak henti hentinya dikunjungi oleh peziarah baik dari kota Jombang maupun luar kota Jombang. Selain berziarah kita juga bisa mengunjungi museum isl Indonesia yang terletak dikawasan parkir kendaraan makam Gus Dur.
5 tahun lalu,"Area makam, bagian depan ada monumen Asmaul Husna lalu Museum KH. Hasyim Asy'ari. Tempat parkir sangat luas, untuk sampai ke makam harus berjalan cukup jauh, kurang lebih 500m. Melewati sebuah pasar pernak-pernik, aneka macam oleh2, baju bersablon Gus Dur, KH. Hasyim Asy'ari, maupun Tebuireng (Pondok Pesantren)
Betah sekali rasanya disanağŸ˜ƒ"
6 tahun lalu,"Salah satu makam waliyaallah, gus dur, kh. Hasyim asyari dan dzuriyah""nya...
Terletak di diwek, jombang.
Lokasi makam berada di sekitar pondok pesantren tebu ireng, dekat jalan raya, banyak orang jualan baik pakaian ataupun jajanan.
Nah ceritanya pas kesini pas kebarengan sama kh said aqil sirodj.. ğŸ˜ğŸ˜ğŸ˜"
5 tahun lalu,"Tempatnya yang tidak sepi dengan orang ziarah. Tokoh ulama yang patut jadi panutan membuat orang ingin lagsung mendoakan di pemakamannya. Tempat yang luas dan di area luarnya banyak sekali yang menyediakan berbagai souvenir seperti pakaian, baju koko, sarung, kopyah dan sebagainya. Cocok sekali untuk oleh-oleh orang rumah."
5 tahun lalu,Pintu masuk yang terlihat sangat bersih lalu tertera banyak pengetahuan mengenai keluarga pondok dan ada asmaul husna untuk spot foto juga acces masuk museum islam indonesianya juga mudah gratis lagi ğŸ˜
sebulan lalu,Tempat parkir nya sangat luas. Pasarnya juga rame banget. Sangat cocok masuk list wisata religi anda
2 tahun lalu,"Pengalaman yg sangat berharga.. Semoga bisa mendapatkan berkah beliau  mbh asy'ari, mbh wahid hasyim, dan gus dur.. AmiiiinğŸ¤²"
10 bulan lalu,"Dari jaman dulu sampe sekarang ga berubah bisnis disini, next lebih profesional dan minta izin agar fotonya bagus. Banyak yg komplain karena hasil fotonya"
5 tahun lalu,"Luas sekali dan sangat terasa suasana keislamannya, cuman kalau kesana saya sarankan pagi saja, jangan siang hari karena samgat panas sekali cahaya mataharinua"
4 bulan lalu,Alhamdulillah sampai makan gus dur lg
2 tahun lalu,"Makam salah satu tokoh besar Indonesia, salah satu wali yang sudah sangat banyak sumbangsihnya untuk negeri ini, tempatnya nyaman, asri dan teduh"
setahun lalu,"Area maqom cukup bersih, area ziaroh terbagi dua, bila rombongan sedikit bisa dekat dengan makbaroh, jika rombongan ratusan bisa diarea luas yg tingkat. Fasilitas cukup, area kamar mandi cukup sering dibersihkan oleh pihak bertugas namun berbayar untuk jasanya. Maket perlu dibersihkan area kacanya karena sudah agak tidak terlihat."
5 tahun lalu,Tempat parkir luas area makam masuk pesantren tutup sekitar jam 5 sore. Pas saya dan rombongan tiba setengah jam sblm tutup pas kita sedang ziaroh gerbang tetap ditutup sesuai waktu nya. Jafi lah kita keluar dari penziaraha muter .
setahun lalu,"Salah satu makam ulama besar indonesia dan Presiden ke 4 RI, Tempatnya ramai banyak orang yang berziarah kesini."
sebulan lalu,"wisata Religi ke makamnya Sang Pendiri Nahdlatul Ulama, Si mbah KH HASYIM ASY'ARI."
7 tahun lalu,"Kompleks Makam Gus Dur terus berbenah. Parkir luas walaupun kurang pohon rindang, terasa agak panas di musim kemarau. Museumnya belum tuntas dibangun walaupun sudah bbrp tahun berjalan.
Pedagang sudah tertata rapi. Toilet & kamar mandi cukup banyak.
Terus berbenah Ponpes Tebuireng"
setahun lalu,"Komplek makam presiden ke 4 RI
Menjelang puasa, suasana sangat ramai"
9 bulan lalu,"Saran untuk pengelola
Rute jalan kaki dari parkiran ke lokasi makam terlalu jauh, terlalu banyak muter lewati kawasan pedagang, kasian buat para lansia yg terkendala tidak kuat untuk jalan jauh"
7 tahun lalu,"Wisata Religi yang ada di kabupaten Jombang terdapat dua maqom pahlawan disana ada KH . Hasyim Asy'ari dan KH Wahid Hasyim dan juga ada maqom mantan presiden ke 4 KH Abdurrahman Wahid, menjadi salah satu jujukan destinasi wisata religi setelah wali 9, disana suasana yg asri dan nyaman untuk ngaji ataupun nderes ,"
5 tahun lalu,"Banyak sekali peziarah yang berkunjung ke makam Gusdur,
Disepanjang jalur menuju pemakaman, terdapat berbagai pelapak,
Baik jualan oleholeh khas, makanan, minuman, dan berbagai keperluan berziarah."
3 tahun lalu,"MaasyaaAllah

Alhamdulillah setelah sekian lama ditutup sebab pandemi kini dibuka lagi dan ramai pengunjung dgn tetap taat prokes.. barakallah"
2 bulan lalu,"Dr surabaya liburan ke jombang
MasyaAllah suasananya asri,  adem, kebetulan liburan jd agak rame
Akses dr stasiun pakai ojol car juga cepat"
6 tahun lalu,"Makam Gus Dur berada di kompleks pondok pesantren tebuireng. Beliau adalah presiden RI ke 4. Yang berjasa dalam membangun Bangsa. Makam Gus Dur sangat ramai oleh peziarah dari santri sanpai masyarakat biasa. Di area luar makam Gus Dur terdapat banyak penjual dari makanan,minuman, sampai pernak pernik aksesoris dan baju."
setahun lalu,Bukan hanya muslim saja yang merasakan beliau.. tp non muslim juga. Baru pertama kali lihat non muslim dan muslim ziarah ke tempat dan makam yang sama..
setahun lalu,"Alhamdulillah, saget sowan mriki..

Teman-teman yang sampai disini diperkirakan siang hari, bawa payung yaa â˜ºï¸"
6 tahun lalu,"Ziarah ke makam Bapak Bangsa dan Ulama Besar
Jam 4 sore makam ditutup, buka lagi ba'da Shalat Isya sampai menjelang Subuh."
3 tahun lalu,"Sudah di buka kembali untuk peziarah, hanya saja harus tetap prokes, wajib menggunakan masker."
6 tahun lalu,"Baru pertama kali kesini...padahal tetanggaan kota...pas kesini masya allah sampah berserakan dimana2...diarea museum apalagi...apa mungkin karna qta dtgnya kepagian yaa jam 7.00 jadi blm waktunya dibersiin...terlepas dari itu, selama perjalanan menuju makam ok...pedagang2 tertata rapi jadi serasa nyaman jalannya, ada mini hotel juga..ini semacam rmh penduduk yg disewakan...overall good...tingkatkan dikit lagi soal kebersihan tadi"
7 bulan lalu,Merupakan komplek makam presiden ke 4 Republik Indonesia yaitu KH. Abdurrahman Wahid.
6 bulan lalu,"Yang perlu ke toilet, di dalam area bazar nya ada beberapa & lebih bersih, toilet di area parkir bis saat Sy berkunjung kondisinya kurang bersih, air didalam kamar mandi menggenang, rawan najis.."
5 tahun lalu,"Tempat parkir sangat luas. Sepanjang jalan antara tempat parkir dan makam banyak penjual oleh2, terdapat spot foto yang unik juga. Musholla dan kamar mandi juga bersih."
6 tahun lalu,"Di tengah suhu politik yang menghangat, manakala para politisi pethenthengan dengan ambisi kekuasaan mereka, polarisasi masa yang begitu eksesif oleh perbedaan pilihan calon pemimpin, serta tak lakunya lagi jargon politik yang santun dan cerdas, kami merindukan interupsimu lewat lelucon-lelucon yang menukik, menyentil tapi mengena lagi faktual, Gus!

Saestu, kangen panjenengan, Gus Dur, bapak pluralisme,  sang guru bangsa. ğŸ™

Lahumul fatihah..."
5 tahun lalu,"Makam Gus Dur atau Bapak K.H. Abdurrahman Wahid,  berada di komplek pesantren tebuireng Jombang, saat saya datang malam hari jadi tidak terlalu jelas beberapa bangunan tapi untuk lokasi sangat luas, bersih hanya saja saat saya datang masjid besar sedang tahap pembangunan. Selamat berkunjung."
2 tahun lalu,"Beberapa kali ke sini tak membuat bosan. Justru ingin selalu kembali. Semoga kita selalu dianggap santri beliau dan terus dapat berpegang pada ""sarung""nya."
setahun lalu,"Tempatnya bersih
Banyak peziarah yang datang dan pergi
Banyak galery dg harga terjangkau"
5 tahun lalu,"Terakhir ke Jombang tahun 2012 , dan sekarang punya kesempatan lagi ke sini ,Banyak perubahan ternyata , salutt pokoknya sama bangunan nya tambah banyak"
5 tahun lalu,Sebuah tempat religi recomended. Kawasan makam yg juga berisi geliat ekonomi warga. Ada pasar yg juga menyediakan oleh2 khas jombang. Kawasan ini juga dekat dg museum hasyim asyari.
6 tahun lalu,"Alhamdulillah, untuk kedua kalinya bisa mampir ke makam gus dur. Tempatnya sudah terasa sempit, karena banyaknya jamaah yang ingin mendoakan beliau.
Yang besar malah prakiraan.
Tidak bisa 24 jam, seperti makam2 yang lain,    tetapi kunjungan kedua ini saya datang jam 10 malam, alhamdulillah, terasa spesial bisa masuk disaat rombongan jamaah yang lain hanya di belakang pagar."
5 bulan lalu,jangan datang lebih jam 10 malam karena sudah tutup
2 minggu lalu,Ziarah kubur salah satu pendiri NU dan makam presiden gus dur
2 tahun lalu,"Masyaallah akhir tahun baru kemari kesana, jamaah yang datang berziarah sangat banyak, dan tempat yang luas membuat tambah nyaman"
5 tahun lalu,"parkiran luas,ada fotografer yg super cepat wkwk ada bangunan yg belum selesai semoga semakin banyak yg kesini"
3 tahun lalu,"Menyesali nasib tidak akan mengubah keadaan, Terus berkarya dan bekerjalah yang membuat kita berharga. -Gus Dur"
5 tahun lalu,"Tempat kawasan religi.tempatnya tak pernah sepi dari peziarah,terdapat kios penjual jajanan dan terdapat museum.kawasan parkir juga besar"
5 tahun lalu,"Saya sampai sini jam 12 dini hari, masih ada peziarah. Kalo bawa mobil sendiri bisa lewat belakang, jadi gak jauh jalannya menuju makam mbah Gus Dur, sang Guru Bangsa."
2 tahun lalu,"Alhamdulillah, angen2 ingin ziarah sejak tujuh tahun lalu akhirnya terlaksana ğŸ™ğŸ»"
5 tahun lalu,"Kawasan wisata religi di makam keluarga Gus Dur. Tempatnya sudah tertata cukup apik dan rapi. Kompleks makam berada di kawasan pondok pesantren tebu ireng. Dari parkiran kita berjalan menuju ponpes, sepanjang perjalanan kita bisa melihat munumen asmaul husna, museum dan penjaja makanan maupun souvenir di kanan kiri. Pastikan berpakaian sopan dan tertutup ya."
1 hari lalu,Aku suka bgtt.. aku kalo ada waktu mau ke sini lagiiğŸ¤
2 tahun lalu,"Tempat ini sangat ramai dikunjungi peziarah

Barang yang dijual diluar lebih murah dibandingkan dengan tempat ziarah lainnya."
5 tahun lalu,"Kawasan wisata religi yang bagus di kawasan pondok pesantren, selain bisa berziarah ke makam Gus Dur pengunjung juga bisa melihat2 kawasan pondok pesantren & museum."
6 tahun lalu,"Makamnya bersih penataan jga rapih. Di sepanjang jalan seperfi makam2 wali lain gk beda banyak orang2 jualan souvenir2 khas gtu, sma kamar mandi di mana2.
Tpi aq suka sih di kamar mandi area makam. Kamar mandinya beraih"
5 tahun lalu,"Destinasi ziarah bagi para santri untuk wisata religi sekaligus mengenal sejarah perjalanan Islam di Indonesia. Di kompleks makam ini bukan hanya persemayaman presiden keempat, namun juga makam buyutnya sekaligus pendiri organisasi Islam Nahdlatul Ulama."
6 tahun lalu,Abdurrohman Wahid atau yang lebih dikenal dengan Gus Dur adalah Mantan Presidwn Republik Indonesia ke empat. Gus Dur juga merupakan cucu pendiri organisasi Islam terbesar di Indonesia yaitu NU. Gus Dur dimakamkan di komplek pesantren Tebu Ireng Jombang Jawa Timur. Dan merupakan tokoh pluralis di Indonesia.
2 tahun lalu,"Lokasi makam (pompes Tebu Ireng) agak di dlm. Parkir mobil bisa di lapangan Masjid SMP A Wahid Hasyim, lalu jln kaki dekat. Toilet ada di dlm pintu masuk Ponpes yg ada deretan toko2 suvenir."
6 tahun lalu,"Wisata religi di makam mantan Presiden KH Abdurrahman Wahid di Pondok Pesantren Tebuireng, Kabupaten Jombang, Jawa Timur, menjadi salah satu andalan wisata di kabupaten ini, bahkan Jatim, sehingga berbagai fasilitas ditambah.

""Jumlah kunjungan peziarah dari tahun ke tahun semakin banyak. Saat ini, setiap hari sudah di atas 3.000 orang peziarah yang datang, dan meningkat tiga kali lipat saat akhir pekan, seperti Sabtu dan Minggu,"" kata Pengurus Pondok Pesantren Tebuireng, Kabupaten Jombang, Lukman Hakim di Jombang, Selasa.

Ia mengatakan, peziarah datang dari berbagai daerah di Indonesia. Mereka ada yang datang dengan rombongan bus ataupun mobil.

Datangnya juga tidak tentu, bahkan ada yang hingga larut malam. Mereka tetap diizinkan masuk ke dalam areal makam yang ada di kawasan Pesantren Tebuireng.

Di lokasi pondok, pintu masuk ke makam ditutup saat menjelang magrib. Setelah shalat isya, pintu menuju ke makam kembali dibuka, sehingga peziarah bisa menuju ke makam. Menuju ke tempat makam, peziarah juga bisa dengan leluasa duduk berdoa.

Di makam Pesantren Tebuireng, Jombang, selain ada KH Abdurrahman Wahid atau yang akrab disapa Gus Dur, juga dimakamkan pendiri organisasi Islam Nahdlatul Ulama, KH Hasyim Asyari, serta ayahandanya yang juga tokoh nasional KH Wahid Hasyim. Selain itu, sejumlah kiai dan keluarga juga dimakamkan di lokasi tersebut.

Lokasi untuk peziarah di makam Gus Dur itu juga sudah dibangun sedemikian rupa. Selain bale tepat di depan makam di bagian timur juga sudah dibangun bahkan hingga dua lantai.

Mereka tetap bisa dengan khusyuk berziarah di tempat ini. Bahkan, di tempat ini juga dipasang seperti pendingin ruangan yang bisa mengalirkan uap air, sehingga ruangan juga menjadi sejuk kendati di tempat terbuka.

Lukman mengatakan, dengan semakin banyaknya peziarah yang datang, pihak pesantren akhirnya membuat kebijakan untuk pengaturan tempat parkir. Dulu, lokasi parkir di tepi jalan raya, sehingga arus lalu lintas menjadi tersendat.

Kini, lokasi parkir sudah dibuatkan tempat khusus berada di bagian barat pondok. Lokasi itu juga sangat luas, sehingga mampu menampung puluhan bus yang mengangkut peziarah. Mereka bisa berjalan kaki menuju lokasi pondok yang tidak terlalu jauh.

Lebih lanjut, ia mengatakan saat ini pondok juga berupaya untuk menata kawasan makam. Kini, di sekitar makam dibangun sejumlah kios untuk berjualan ikan dengan aneka olahannya.

Produk yang dijual harus berbahan dasar ikan, sebab bangunan itu juga dibangun dari bantuan Kementerian Kelautan dan Perikanan (KKP).

""Saat ini masih proses penyelesaian bangunan, sekitar 2-3 bulan ke depan bisa dipakai jadi pusat kuliner berbahan dasar ikan. Nanti, akan dikelola oleh pondok dan bisa bekerja sama dengan pihak lain, terserah mereka mau menjual apa, bisa tahu isi ikan, dan sebagainya,"" ujarnya.

Pihak pondok juga berharap, dengan berbagai fasilitas yang saat ini dibangun, akan semakin membuat nyaman peziarah.

Selain itu, dengan tambahan fasilitas tersebut, roda perekonomian warga di sekitar pondok juga semakin bergerak. Mereka bisa menjual aneka macam produk dan makanan serta menjual jasa misalnya kamar mandi."
4 tahun lalu,"Kondisi masih tutup
Tadi sempat ngobrol sama petugas disana...
Insyaallah akan buka setelah lebaran...

Akibat pandemi
Puluhan kios terbengkalai..."
2 tahun lalu,Makam  Gus Dur...selalu ramai di kunjungi peziarah dari berbagai daerah... area parkir yg luas dan pedagang  di sekeliling makam dgn harga yg terjangkau..
5 tahun lalu,"Makamnya bersih. Banyak toilet dan tempat wudhu jadi mudah untuk sesuci. Belakang makam ada pondok pesantren tebu ireng. Saran kalau ke sini pagi atau malam hari saja, karena siang hari terik matahari terlalu panas. Jarak dari parkir ke makam jauh dan jalan kaki, melewati museum kh. Hasyim Asy'ari. Kalau kesini pas siang bawa payung biar ga kepanasan. Ada pasarnya juga untuk beli oleh2... suasana santri benar2 terasa. Pengunjung wajib berpakaian sopan, untuk laki-laki pakai peci, perempuan berkerudung/berhijab.. ğŸ‘ğŸ‘"
6 tahun lalu,Suka sekali ketika di sini. Tempat ziarohnya luas dan bersih sehingga memberikan rasa nyaman. Adem dan sejuk.
2 tahun lalu,"Makam KH Abdurrahman Wahid (Gus Dur) presiden RI keempat. Terletak di kawasan Tebu Ireng kabupaten Jombang.
Untuk menuju ke makam Gus Dur, banyak sekali pedagang pedagang yang menjual kaos bernuansa religi. Menjual camilan dan jajanan khas Jombang. Harga relatif murah. Serta parkir bis sangat luas."
3 tahun lalu,"Alhamdulillah,,bersyukur bisa berziarah kesini,selalu padat pengunjung, terimakasih untuk pengelola yg memberlakukan sistem buka tutup untuk pengunjung,jd tdk membludak didalam area makam,kl didalam dirasa full,pengunjung yg lain disuruh tunggu diluar sebentar"
6 tahun lalu,"Tempat yang wajib dikunjungi saat melewati kawasan tebuireng, yaitu makam gus dur yang merupakan presiden RI ke 4 yang juga merupakan cucu dari KH.  hasyim Asy'ari, pendiri nahdlatul ulama',  juga pendiri pondok pesantren tebuireng -pobdok pesantren nu tertua-"
7 tahun lalu,Makam guru bangsa. Banyak penjual souvenir khas beliau disini. Mulai kaos bergambar hingga buku-buku yang pernah ditulis beliau.
2 tahun lalu,"MasyaAllah... alhamdulillah... sudah bisa kesini lagi setelah sekian lama tak kesini... dan 2 kali kesini selalu tutup, kali ini sudah buka ğŸ˜‡ğŸ™ğŸ¥°"
5 tahun lalu,"Wisata Religi Andalan Kabupaten Jombang..
Setiap hari ramai para peziarah dari luar kota maupun luar pulau bahkan luar negeri.."
5 bulan lalu,"Pakirnya mahal...untuk keamanannya kurang memadai...juru parkir tidak mengawal kendaraan,Mecari tempat sendiri"
9 bulan lalu,Makamnya bagus sekali yg membuat tidak nyaman dan mengganggu privasi ada tukang foto. Foto tanpa permisi tiba2 sudah jadi datang di mobil kita terus dipaksa membayar dan orangnya omongan kasar lagi memaksa harus kita bayar untuk panitia dan keamanan disana tolong ditertibkan.
6 bulan lalu,"Untuk yg kesekian kalinya mengantar rombongan ziarah walisongo,dan mampir kesini dari lampung barat. Tempat parkiran yg luas."
2 tahun lalu,"Monggo mampir riyen...
Ngopi-ngopi gih sagÃ¨eet, damel ten bis, persiapan.. ğŸ¤£ğŸ˜…ğŸ˜‚ cara promonya viral."
5 tahun lalu,"Agak sulit cari area parkir mobil atau mungkin saya yang tidak tahu dimana mesti parkir nya. Jadi parkir aja dipinggir jalan utama.
Kemudian masuk lewat jalan kampung dan gang kecil dimana banyak warga berjualan aneka souvenir dan makanan oleh oleh.
Makam Gus Dur sendiri merupakan area pemakaman keluarga besar beliau. Terletak di tengah pondok pesantren Tebu Ireng Jombang."
5 tahun lalu,"Suasana ramai, parkiran sangat luas, banyak penjual kaki lima, tempat bersih, ada tempat untuk ngumpul atau sekedar makan siang bersama rombongan peziarah, semoga barokah"
2 tahun lalu,"Salah satu dari sekian banyak wisata religi yang tak pernah sepi peziarah, barakallah ğŸ˜"
5 tahun lalu,"Sudah beberapa kali datang, sejak duluu masih awal beliau baru saja sedho dan entrance area masih jadi 1 dengan gerbang pondok. Sudah ada perbaikan aksesibilas utk difabel tapi sepertinya plannernya masih setengah2 krn ke area makam bukan ramp tapi masih anak tangga, wheelchair akan susah. Jika anda difabel dan suka traveling, tempat ini kurang recommended. Toilet wanita bersih namun licin sekali dan bukan utk difabel tunadaksağŸ˜‘ğŸ˜¶"
setahun lalu,Kompleks Makam pendiri tebu ireng dan makam Presiden Indonesia ke 4 KH Abdurahman Wachid
5 tahun lalu,"9/11/19. Area makam ini sebenarnya berisi makam para masyayikh dan keluarga Ponpes Tebu Ireng seperti KH. Hasyim Asy'ari dan keluarga, akan tetapi lebih terkenal dengan Makam Gus Dur. Akses masuknya cukup tertata dan tertib. Di area makam selalu ramai dengan peziarah. Sebenarnya tempatnya agak kurang luas jika dibandingkan jumlah peziarah yang datang. Tapi di sini juga disediakan lantai 2 untuk tempat peziarah berdoa. Oh iya, di sini ada jam buka makam, jadi diperhatikan ya jika hendak ke sini."
5 tahun lalu,"Salah satu tempat religi yang harus dikunjungi .
Tempatnya sangat mudah sekali untuk dijangkau . Akses nya pun juga mudah . Disekitar sini banyak sekali orang berjualan oleh - oleh , makanan , minuman , baju , dan lain - lain . Disini juga ada museum , pondok pesantren , masjid , dan lain - lain . Fasilitas yang ada cukup memadai seperti toilet , parkir yang luas , spot foto , dan lain - lainnya ."
5 tahun lalu,"bagi peziarah harus memperhatikan waktu berziarah..pada hari tertentu buka jam 07.00 sampai jam 16.00..d buka kembali jam 19.30-
di area makam terdapat penjual makanan dan souvenir khas jombang...
selain itu terdapat museum KH.Hasyim pendiri NU"
3 tahun lalu,Makam Gus Dur dan Mbah Hasyim Asy'ari bagian dalam ... Berkunjung di weekday lebih sepi dan tenang suasana
setahun lalu,"Tempatnya sangat terorganisir dengan baik dan benar.
Beda dengan tempat ziarah yg lain."
2 tahun lalu,Alhamdulillah bisa sowan ke salah satu makam ulama besar
7 tahun lalu,"Pengalaman pertama ziaroh di makam pendiri dan sesepuh NU di Jombang. Karena ketidaktahuan saya, hampir 1 jam menunggu di depan area makam. Karena makam mulai buka kembali jam 8 malam. Padahal saya datang bersama keluarga jam 7 malam. Mungkin ini nikmatnya berziaroh di makam para ""pahlawan"" bangsa Indonesia. Subhanallah."
6 bulan lalu,penjaga makam nya baik banget
3 tahun lalu,"Makam Gus Dur (KH Abdurrahman Wahid) kondisi tanggal 30 Oktober 2021 masih tutup, tapi kalau mau sekedar parkir dan masuk jalan kaki sepertinya masih bisa. Monggo ke Jombang"
2 tahun lalu,"Jangan lupa cel jadwal sebelum kesini, cari tau jam berapa saja dibuka untuk umum"
10 bulan lalu,"Assamualaikum Ya ahlal Quburi KH. Abdurrahman Wahid
CITRA PRATAMA MEDIKA ""Rumah Luka Dan Sunnat Modern Di Krian"""
6 tahun lalu,"Makam yang selalu ramai 24Jam.
Hanya pukul 03.00 W.I.B pagi kegiatan Ziarah ditutup dan buka kembali ba'da Subuh atau kadang pukul 06.00 pagi.
Ziarah Makam Waliulloh K.H. Abdurrahman Wahid malam hari lebih berkesan, namun tetap saja ramai.
Untuk kios oleh2 khas Ponpes Tebuireng yang resmi dikelola Pondok kalau malam sudah tutup. Jadi mau gak mau beli di pasar oleh2 yang berada di sepanjang akses keluar / masuk komplek Makam ini."
5 tahun lalu,"Salah satu wisata religi di jombang yg sllu ramai oleh peziarah, tempatnya rapi dan bersih , pintu masuknya ada di sebelah barat pondok tebu ireng, parkiran luas , banyak pedagang oleh2 di sepanjang jalan menuju pintu masuk makam"
3 bulan lalu,Ngalap berkah 2024
5 tahun lalu,"aduhhh ini makam utk ziarah ,,, coba masuk diminta bayar buat bersih2 , sampahnya dimana2 ada ,ditempat parkir buanyaakk sampah"
3 bulan lalu,Mohon kebersihannya di kondisikan
7 tahun lalu,Makam Presiden Indonesia yang ke-4... tempatnya bersih dan tertata...
setahun lalu,Keren untuk musiknya. Bangunannya modern banget.
4 tahun lalu,"wisata religi yang tak pernah sepi peziarah lokal, regional, nasional bahkan internasional"
5 tahun lalu,Anak milenial sekarang wajib menghormati KIAI yang sudah meninggal dunia serta menghargai atas jasa perjuangannya
3 tahun lalu,"Alhamdulillah, tempatnya bersih, rapi, shg peziarah mrs nyaman.
Cm tempat parkirnya agak jauh."
2 tahun lalu,"Alhamdulillah, Masya Allah akhirnya bisa mengunjungi untuk ziarah ke makam Gus Dur."
6 tahun lalu,Wisara religi yg ada di tebu ireng jombang...nyaman tempatnya..luas parkirnya dgn  taman yg indah. Kamar mandi cukup memadai
5 tahun lalu,"Subhanalloh, Makm para wali dan pendiri NU, Hadrotus Syeh KH. hasyim As'ari
Makam Gusdur"
setahun lalu,"Jumlah peziarahÂ makam Gus DurÂ Â atau KH Abdurrahman Wahid di kompleks Pesantren Tebuireng terus mengalami peningkatan. Kenaikan peziarah umumnya terjadi di akhir pekan, hari libur, kunjungan wali santri Pesantren Tebuireng dan hari tertentu seperti bulan Gus Dur selama Desember.
Bulan Desember 2022, peziarah makam atau Presiden ke-4 RI ini mulai mengalami peningkatan karena Pesantren Tebuireng mengadakan serangkaian acara peringatan 13 tahun wafatnya Gus Dur atauÂ haul Gus Dur. Diprediksi puncaknya terjadi pada minggu ketiga.

""Kalau kenaikan secara signifikan masih belum. Biasanya kalau kenaikan peziarah terjadi mendekati liburan akhir tahun dan bulan Gus DurÂ di minggu ketiga,"" kata Dirut Lembaga Sosial Pesantren Tebuireng (LSPT) Afif Abdur Rahim, seperti dikutip dari situs NU, Sabtu (17/12/2022).
Afif menjelaskan, ukuran naik turun pengunjung wisata religi makam Gus Dur bisa dilihat dari tiket parkir. Namun, tiket tidak bisa jadi ukuran utama, karena ada banyak peziarah yang datang tanpa parkir resmi.
Alat ukur lain yaitu jumlah uang kotak amal perbulan yang dikelola LSPT. Kotak amal tersebut dipasang di beberapa titik sepanjang jalan menuju makam Gus Dur.
Dana amal tersebut dikelola oleh LSPT dan dikembalikan ke masyarakat dalam bentuk bantuan sembako, gaji guru ngaji, kesehatan masyarakat, renovasi rumah ibadah, anak yatim, bencana alam, dan berbagai kegiatan sosial lainnya.
""Kotak amal peziarah makamÂ   gusd dur  per bukaln okttober 2022 yaitu Rp198.662.000. Sementara bulan November mengalami kenaikan, total Rp228.945.000,"" ungkap Afif.

Menurut Afif, setiap akhir tahun kunjungan makam Gus Dur mengalami kenaikan yang signifikan. Sebab, Khaul Gus Dur diperingati selama bulan Desember. Di media sosial juga banyak konten tentang Gus Dur, sehingga ada banyak yang penasaran dengan cucu KH Hasyim Asy'ari tersebut.
Pesantren Tebuireng bersama LSPT juga membuat berbagai acara dalam rangka peringatan 13 tahun wafatnya Gus Dur. Kegiatan tersebut dimulai pada Kamis, 15 Desember 2022 pukul 19.30 WIB.
Acaranya yakni Manaqib Kubro oleh Majlis Jawahirul Ma'ani bertempat di parkiran Kawasan Wisata Makam Gus Dur (KMGD) Tebuireng.
Kemudian berlanjut pada Senin 19 Desember 2022 digelar Bahtsul Masail Nasional di masjid Ulil Albab Tebuireng Putri. Acara yang dimulai pukul 19.00 WIB dan diikuti utusan Ma'had Aly dan pesantren.
Berikutnya acara ISHARI NU (Ikatan Seni Hadrah Indonesia NU) pada Selasa 20 Desember 2022 di Masjid Ulil Albab Tebuireng Putri pukul 19.30 WIB. Menghadirkan ranting ISHARI NU se Jombang.
Hari berikutnya pelaksanaan Rabu 21 Desember 2022 pukul 06.00-12.00 WIB Khotmil Quran Bil Ghoib di maqbaroh pesantren Tebuireng Jombang. Bersamaan itu seminar pemikiran Gus Dur di aula Lt 3 pesantren Tebuireng pukul 09.00-13.00 WIB.
""Puncak acara, tanggal 21 Desember 2022 pukul 19.00 WIB, hadir serta KH Mustofa Bisri, Habib Lutfi dan putri Gus Dur yaitu Yenny Wahid,"" beber Afif.
Ia menambahkan, seluruh biaya rangkaian acara peringatan 13 tahun wafatnya Gus Dur ditanggung oleh LSPT. Namun, LSPT membuka tangan selebar-lebarnya bagi masyarakat yang ingin ikut membantu. Para dermawan bisa mendatangi kantor LSPT di baratnya Masjid Ulil Al-Bab.
""Panitia tidak membuat proposal pemohon dana untuk keluar. Kalau masyarakat mau berpartisipasi bisa datang langsung menemui panitia atau menghubungi kontak yang ada,"" ucap dia."
5 tahun lalu,"Kita harus mengenang dan menjalankan yg kita bisa seperti apa yg di jalani GUS DUR.Untuk baik kepada sipa saja,yang bisa membuat hati setiap orang merasa senang."
setahun lalu,"Salah satu makam yang dapat dijadikan salah destinasi wisata religi di jawatimur ataupun indonesia. Disini dimakamkan KH Hasyim Asyari, salah satu tokoh pendiri Nahdlotul Ulama, KH Abdurrahman Wachid salah satu presiden RI sekaligus ulama dan tokoh NU. Selain itu juga menjadi makam Dzuriah pondok pesantren tebu ireng. Tempatnya bersih dan nyaman. Selain area makam jugavtersedia area jajanan dan oleh2 untuk sanak keluarga dirumah."
3 tahun lalu,Makam waliyullah dan mantan presiden RI ke-4 KH.Abdurrahman Wahid ( Gus Dur).
setahun lalu,Tempat ziara di makam Gus Dur untu  kirim doa...  Tempat bagus terawat
2 tahun lalu,Komplek makam Presiden RI ke-4 & para tokoh bangsa
2 tahun lalu,"Luar biasa,
Ini mungkin karomah dari para waliyullah,
Jamaah merasakan
Hawa yang sejuk
Dan damai
Di kawasan makam"
6 tahun lalu,Sebuah tempat ziarah yang sangat berarti yang ada di jombang yang terkenal dengan kota santri karena merupakan salah satu almarhum yang terkenal pada jamannya
9 bulan lalu,berziarah
4 tahun lalu,Smoga bisa kembali lagi jiarah ke makom Gus Dur.amin
6 tahun lalu,Tempatnya semakin nyaman ada museumnya juga....
setahun lalu,Selalu jd tujuan ziarah klo pas lagi ke jombang â¤ï¸â¤ï¸
setahun lalu,"Alhamdulillah bisa mampir ke sinj

Subhanallah."
3 tahun lalu,Alhmdlh.... Setelah sekian lama akhirnya bisa ke sini. Mugo2 barokah.
2 bulan lalu,Kalau tutup jam 3 sore malam buka gak?
4 tahun lalu,Wisata religi mengingat sosok bapak pluralisme nuswantara dan sosok kyai Hasyim Asy'ari beserta keluarga yg termasuk tokoh pendiri bangsa
setahun lalu,"Alhamdulillah dr sekian lama, akhirnya bs ziarah k sini dg kluarga"
setahun lalu,MasyaAllah Tabarakallah akhirnya berziarah kesini juga ğŸ¤²
6 tahun lalu,"Adem rasanya kesini tuh. Bersiy, wangi, pokoknya nyejukin"
7 tahun lalu,"Alhamdulillah, bersyukur sekali berkesempatan berziarah ke makam gusdur.
Subhanallah, tidak pernah sepi dari para peziarah di seluruh penjuru negeri."
3 tahun lalu,Tempatnya luar.. parkiran ikuti jalan yang lebar..
7 tahun lalu,Masya Allah.... makam Gus Dur yg ga pernah sepi dr para peziarah. Doa yg sll dilantunkan setiap hari disini
setahun lalu,"Jamaah yang datang sangat banyak, lokasi luas jadi nyaman untuk berziarah"
setahun lalu,"tempat wisata religi yg nyaman,parkiran nyaman& harga  @15rb / mobil hehee"
2 tahun lalu,Alhamdulillah setiap ziarah wali songo berkesempatan mampir ke sini..
setahun lalu,"Alhamdulillah Bisa zarah ke makam Gus Dur.
Penjaga makam Gus Dur semuanya baik dan sopan terhadap tamu yang datang."
setahun lalu,"Makam Presiden Republik Indonesia Gus Dur, KH Abdurrahman Wahid.(alfatihah)

Semoga Allah SWT kabulkan do'a terbaik dan hajat kita semua melalui para Auliya di makam ini. Aamiin ya robbal'alamin.

Besainglah dengan layanan dan inovasi...nyaman"
setahun lalu,"Bersih,rapi,tenang,nyaman bikin ademm"
setahun lalu,Semoga Alm Gusdur diberikan khusnul khotimah
2 tahun lalu,Merasa bersyukur bisa berziarah ke makam KH Hasyim Asyari (pendiri NU) dan Gus Dur (presiden RI ke 4)
8 tahun lalu,Salah satu tempat yang sepesial karena disana adalah makam salh satu ulama besar Indonesia dan juga presiden ke 4 Republik Indonesia.
6 tahun lalu,Tempat nya bagus buat hunting foto dan melepas penat
9 bulan lalu,"Tak terduga dan senang rasanya bisa berziarah ke makam Almarhum KH. Abdurrahman Wahid. Salah satu impian saya yang Allah SWT. qabulkan, Ù…Ø§Ø´Ø§Ø¡Ø§Ù„Ù„Ù‡ ØŒ ØªØ¨Ø§Ø±Ùƒ Ø§Ù„Ù„Ù‡"
2 tahun lalu,"Sampai sini kebetulan malem dan belum dibuka, karena malam buka pukul 22.00 wib.
Parkir luas, banyak penjual makanan. Untuk ke makamnya harus jalan kaki terlebih dahulu dan melewati penjual oleh oleh"
5 tahun lalu,"Aku yang berlumur dosa hadir diperistirahatanmu, bertawasul harapkan barokah ğŸ˜­ğŸ˜­"
5 tahun lalu,Tempat di kebumikanya presiden RI ke 4 dan tokoh NU nasional..
10 bulan lalu,"Assalamualaikum Wr. Wb..
izin bertanya, kalau mau ziarah ke makam Gus Dur malam hari buka jam berapa s/d jam berapa ya? terima kasih"
2 tahun lalu,"Pertama kali berkunjung, nggak tahu kalau lokasinya agak masuk ke dalam"
3 tahun lalu,Alhamdulillah peziarah rame Lagi ğŸ˜‡
2 tahun lalu,Tempat nya nyaman buangettt suangat nyaman bangetttt
4 bulan lalu,"Tempar ziarah terdekat di rumah, dengan jarak 5 menit"
setahun lalu,"buat chindo berterimakasih lah kpd beliau akan tetapi berterimakasih tidak akan cukup melainkan bangunlah bangunan gedung perkantoran atau bisnis pabrik di wilayah Jombang,Jawa Timur agar banyak membantu masyarakat sekitar dan perekonomian di Jombang meningkat pesat,itu yang dinamakan terimakasih sesungguhnya,dan semoga Jombang kedepan bisa jalan raya nya di semua wilayah menjadi lebih baik dan mulus~aminğŸ™ğŸ»"
setahun lalu,"Gak pernah sepi peziarah...
Subhanallah"
3 tahun lalu,Semoga kita selalu d beri keberkahan amin
2 tahun lalu,"Yg kedua kalinya alhamdulillah bisa masuk...
Makam buka jam 8.00"
6 tahun lalu,Klo lg ke jombang ziarah dulu ke makam GUS DUR
2 tahun lalu,"Bismilah semoga bisa terbangun fasilitas ibadah untuk umum, tempat peristirahatan , jadwal yang tidak membuat kita terburu buru sampai dini hari jauh jauh mau masuk udah d tutup semoga bisa ad peraturan yg bisa membuat kita senang datang ziarah mendoakan dan berdoa d sana"
6 bulan lalu,Semua pelayanan publik yang ada di area makam Gus Dur very good.
9 bulan lalu,Suka sekali wisata religi disiniğŸ‘ğŸ‘
6 tahun lalu,Sekarang tempat nya udah bagus banget
2 tahun lalu,"Tiket masuk n parkir 10rb udh termasuk museum nya, karena masuk museumnya gratis, bangunannya indah sekali cuman sayang, sampah plastik bekas bungkus makanan ada dimana-manağŸ˜¢, sedih ngliatnya, padahal udah bagus bangunannya"
2 tahun lalu,2 hari lalu berziaroh ke makam gus dur jalan menuju makam dari parkiran termasuk lumayan di samping jalan berjaja banyak penjual.hati2 ada tukang foto yg tau tau pas pulang sudah terpajang foto kita di kendaraan kita 10.000 utk 1 foto kalo bisa menawar 5.000 sudah dapatğŸ˜„
4 tahun lalu,"Januari 2020, sebelum pandemi corona"
9 bulan lalu,"Apa cuma saya yang merasa kalau toilet nya jauh dan kurang, atau saya yang datang bersama rombongan terlalu malam"
7 tahun lalu,"Setelah 3th terakhir gak berkunjung kesini,,,, sekarang lebih bagus n tambah buagus"
6 tahun lalu,Tempat bersejarah yang masih banyak dikunjungi
2 tahun lalu,"Wisata religi yang selalu ramai peziarah, tapi sayang PKL khususny warung makan yang menawarkan harga nasi 5rb tidak sesuai dengan yg ditawarkan ,nilai religiny jadi berkurang karena ketidakjujuran"
setahun lalu,Pertama kali berkunjung ke makam beliau KH Abdurrahman Wahid.
2 tahun lalu,Tebuireng adalah salah satu dusun terkanal dari kab jombang krn dr dusun inilah lahirnya salah satu putra penting pendiri organisasi keagamaan terbesar diindonesia didusun ini juga melahirkan ulama-ulama pejuang kemerdekaan bangsa indonesia sampek ada yg menjadi presiden indonesia yang mana beliau bernama KH Abdurahman Wahid yg sering dikenal dg gus dur baik semasa Hidup selalu senang berkunjung kesesamanya maka saat beliau sudah dimakamkan pun banyak yg mengunjungi
setahun lalu,Berziarah kemakam beliau presiden RI ke 4
6 tahun lalu,"Wisata Religi yang tidak pernah sepi. Fasilitas lengkap. Area parkir yang luas, sepanjang jalan menuju makam bisa di temukan pasar yang banyak menjual makanan, pakaian dan oleh - oleh, toiletnya bersih, jumlah tempat sampahnya banyak. Ada Museum menjulang yang belum di resmikan sampai awal mei 2018."
3 bulan lalu,Wisata religi
2 tahun lalu,Pas d pintu masuk sblum orang2 jualan ad yg foto tanpa izin dan di cetak lalu di suruh beli 10rb an murah sich tapi kalau tau di cetak stidak nya bakal pose atau lepas masker ğŸ™
2 tahun lalu,Makam persiden RI ke 4.  Selalu ramai pengunjung
10 bulan lalu,"berkunjung ke museum, museumnya bagus, rapi, gratis masuknya, nambah wawasan mengenai masuknya islam ke nusantara."
3 tahun lalu,"Akses ke makam yang mudah, sambutan warga yang hangat dan memorable ğŸ‘ğŸ¼"
6 tahun lalu,"Dulu masih jaman sekolh, ngaji sering kesini untuk ziarah. Eh sekarang malah hampir gk pernah"
6 tahun lalu,"Makam Presiden ke-4 RI Abdurrahman Wahid (Gus Dur) selalu ramai dikunjungi pengunjung, bahkan hingga tengah malam makam tersebut masih ramai oleh ratusan peziarah yang terus mengalunkan tahlil dan doa untuk kedua tokoh muslim Indonesia tersebut.
Sejuk tempatnya dan didalam komplek pesantren tebu ireng."
9 bulan lalu,"Wali Allah, meski sudah meninggalkan dunia masih memberikan manfaat bagi orang lain"
2 tahun lalu,"Tempat wisata religi yang selalu ramai di kunjungi para peziarah, buka setiap hari. Dan selalu ramai dikunjungi wisatawan tradisional dan sangat menarik untuk di kunjungi walaupun malam hari."
6 tahun lalu,"Dulu pertama kali kesini bersama teman saya yang nekat berdua main-main ke jombang, dan kemudian teringat dengan almarhum Gus Dur lalu kami berziarah.
Pengunjung yang berziarah tidak pernah sepi dan selalu ramai.
Banyak pedagang yg menyediakan makanan, minuman, pernak-pernik seperti peci, sajadah, dll.
Akses jalan menuju kesini juga bagus, dan bisa untuk parkir kendaraan motor atau mobil."
8 tahun lalu,"spot bagus untuk foto. prewed, selfie, dsb."
2 bulan lalu,Jam 8 pagi baru dibuka
2 tahun lalu,"Rada kecewa.. kesini dari sore, dipostingan buka jam 8 mlm udh dibuka, eh trnayata nyampe sana nunggu smpe.. katanya dibuka jam 10. Kecewa bgt sih, kasian juga peziarah yg lain udh nungguin dari jauh trnyata dibuat ngaji anak pondok.. hihi.. dan akhirnya doa di luar.. lain kali diatur jdwal di google biar bisa menyesuaikan peziarah lain..
Tp gpp, yg penting bisa ziarah.."
setahun lalu,"Tempat salah satu Wali Allah yang berada di Jombang.
Lokasinya tenang dan dikelilingi pondok madrasah yang berakhlak."
9 bulan lalu,"Bagus,jalan dari parkiran lumayan jauh melewati pasar dengan harga yang murah."
setahun lalu,"Nyaman, rapi, bagus."
7 tahun lalu,"Berziarah makam Gus Dur kita akan menemukan makam para tokoh Nasional Lainnya yaitu para sesepuh beliau.
Tempat yang luas dan nyaman terlindung dari hujan dan panas , serta tatanan yang rapi . tak lupa pula tempat Berbelanja alias Shoping yang sangaaat luas layaknya pasar (namanya juga witasata kan afdol kalau beli oleh-oleh)."
6 tahun lalu,"Kalau jalan kaki, mending lewat BRI. Jarak jalan kakinya tidak terlalu jauh."
2 tahun lalu,"Alhamdulillah sudah berkunjung ke Makam Bpk Mantan Presiden Ke 5, semoga kelak bisa kesana lagi dgn Suami dan kedua Org Tua Aamiin ğŸ¤²ğŸ˜˜"
6 tahun lalu,"Keindonesiaan KH Abdurrahman Wahid

Abdurrahman Addakhil demikian nama lengkapnya. Namun, belakangan kata â€œAddakhilâ€ tidak cukup dikenal diganti nama â€œWahidâ€, Abdurrahman Wahid, dan kemudian lebih dikenal dengan panggilan Gus Dur. â€œGusâ€ adalah panggilan kehormatan khas Pesantren kepada seorang anak kiai, yang berarti â€œabangâ€ atau â€œmasâ€. Gus Dur adalah putra pertama dari enam bersaudara yang dilahirkan di Denanyar Jombang Jawa Timur pada tanggal 4 Desember 1940, anak dari KH. Wahid Hasyim dan Nyai Hj. Sholehah.

Berbincang Gus Dur tak akan pernah punya ujung, ia adalah makhluk dari berbagai paradigma. Meminjam istilah Herbert Marcuse,Â One-Dimensional Man, dan Gus Dur adalah narasi besar tentang itu. Banyak hal menarik mengkaji Gus Dur; seninya, kecintaannya terhadap musik klasik eropa, humornya, dan sebagainya. Masalah keindonesiaan, jangan sekali-kali meragukan Gus Dur.

Ada dua sisi menarik dari keindonesiaan Gus Dur, di satu sisi paham kebangsaannya dan di sisi lain pehamamannya mengenai tradisi Islam begitu mendalam. Dan Gus Dur mempunyai kemampuan untuk memadukan kedua hal tersebut. Dan tidak hanya teoritis atau sekedar wacana, dalam praksis Gus Dur selalu konsisten membela kaum-kaum yang tertindas. Tidak berlebihan jika banyak orang yang menyebutnya sebagai Bapak Pluralisme.

Dalam hal ini saya hanya ingin berbicara beberapa hal yang pernah dilakukan oleh Gus Dur sebagai bukti keindonesiaannya. Seperti halnya di Papua, bagi orang Papua Gus Dur adalah Bapak Perdamaian, kesaksian hal ini di amini oleh orang-orang Papua. Menurut mereka Gus Dur lah yang mengembalikan nama Papua, yang awalnya pada saat Orba menyebut diri sebagai Papua adalah tabu, mereka diberi nama Irian. Dan pada saat tahun 2000 ketika Gus Dur menjadi Presiden, beliau merestui Papua menggelar kongres dan memberikan bantuan dana, bagi mereka inilah ruang demokrasi sesungguhnya, hak identitas secara suku, budaya, politik diakui.

Selain itu, Gelar Bapak Tionghoa diterima oleh Gus Dur, sebagai rasa terima kasih mereka terhadap jasa-jasa Gus Dur, yang telah memberikan hak terhadap etnis Tionghoa secara politik maupun sosial. Di sinilah jasa Gus Dur menjadikan warga negara setara, Gus Dur membebaskan diskriminasi warga Tionghoa.

Itulah dua contoh agung yang dicontohkan Gus Dur, jika kita bedah, masih banyak lagi jasa-jasa Gus Dur terhadap kaum minoritas yang tertindas. Gus Dur yang terlahir dari kultur Pesantren, mempunyai prinsip kemanusiaan universal"
6 tahun lalu,Walopun saya asli orang Jombang tapi saya belum pernah kesini gak tau kenapa tapi sering lewat depan pondok waktu mau ke malang atau Kediri karena lebih enak lewat situ karena kalo ke Malang lewat jogja atau Semarang kejauhan. Terlepas dari itu saya suka dengan pemikiran gus dur yang memelopori plurarisme sehingga menambah rasa toleransi antar umat beragama yang mana membuat masyarakat Indonesia saling menghargai walaupun beda keyakinan. Kita mungkin gak akan lagi menemukan sosok tokoh besar seperti gus dur dalam waktu dekat ini tapi kita semua berharap akan banyak generasi muda yang meniru beliau supaya bisa membawa bangsa Indonesia ini kearah yang lebih baik. Walopun sorga udah dikapling oleh habib rizieq dan pengikutnya tapi saya yakin tuhan akan memberi tempat untuk gus dur malah mungkin tempat yang lebih baik dari sorga.. Semoga amiin okelah kalo begitu.. ğŸ˜ŠğŸ˜Š
setahun lalu,Ramai teratur
6 tahun lalu,"Makam Gus Dur memiliki fasilitas yang lengkap, selain berziarah kalian juga dapat mengasah pengetahuan tentang keberadaan dan perkembangan Islam di Indonesia dengan mengunjungi museum Islam Nusantara. Sepanjang perjalanan dari tempat parkir anda dapat membeli berbagai oleh-oleh, mulai dari makanan, gelang, tasbih, camilan, baju, sampai miniatur khas dengan tema Gus Dur. Untuk masalah oleh-oleh khas saya merekomendasikan Buah Sawo, karena buah ini merupakan buah khas suasane pondok."
6 tahun lalu,Jam 16-20 WIB makam ditutup.
2 tahun lalu,Tempat nyaman buat wisata kalbu oke banget
2 tahun lalu,"Bersih .. rapi . Cuman jalan masuk menuju gerbang utama sangat sempit, agak rusak . Sangat disayangkan akses jalan masuk ke makam ulama besar dan mantan presiden RI sangat sempit .."
8 tahun lalu,"Kemarin saya beserta rombongan dari Kampoeng Sinaoe berziarah di makam Gusdur,dan yang bikin unik kita membawa 2 volunteer dari Firlandia mereka non muslim tetapi mereka ikut duduk di depan makam serta memanjatkan do'a agama yang mereka percayai . Alasan Mereka datang ke makam Gusdur adalah mereka ingin mengetahui sosok presiden RI yang sudah tidak asing lagi bagi kedua orang Finlandia ini . Menurut mereka Ketika Gusdur masih hidup mereka sangat tertarik karena Beliau pluralisme dan mereka juga mempelajari Profil Biografi Gusdur sampai saat ini."
6 tahun lalu,"I do love Gus Dur...
Bapak Bangsa Yg Luar Biasa...
Gitu aja kok repot...!!!"
6 bulan lalu,Adem banget ğŸ˜‡ğŸ˜‡ğŸ’šğŸ’šğŸ¤²ğŸ»ğŸ¤²ğŸ»ğŸ¤²ğŸ»
9 tahun lalu,Makam presiden RI ke - 4. Sepanjang hari selalu ramai peziarah dari berbagai daerah. Rumah kakekku deket banget tinggal jalan kaki. Tak ayal depan rumah disewakan untuk pedagang oleh-oleh. Harganya murah-murah lho dibandingkan dengan oleh-oleh khas wisata religi lainnya! Jadi nggak usah ragu-ragu deh ya bawain buah tangan untuk orang-oramg kesayangan. ;)
5 tahun lalu,"Waktu saya datang kemarin,parkirannya kotor sekali.sepanjang jalan menuju makam juga,,tpi stlh masuk area pedagang bersih.mungkin dibersihkan para penjual.untuk para pengunjung,mohon buang sampah di tempatnya,,,"
setahun lalu,"Selain ke makam Gus Dur, bisa juga ke museum nya.
Banyak hal hal bersejarah yang bagus di dalamnya.
Gak menyesal pokoknya kesini :)"
2 tahun lalu,GK pernah ada rasa bosan untuk kembali berkunjung
4 tahun lalu,"Gus Dur insyaAllah salah satu dr wali Allah, jd berziarah ke makamnya sngat bagus karna itu salah satu sarana u/ kita mengingat bahwasanya smua manusia akhirnya akan wafat sprti beliau, kita harus berusaha dr skrang U/ lebih mendekatkan diri padaNYA"
5 tahun lalu,"Saya non muslim namun sejak jaman kakek saya menghormati alm. Kiai Gusdur, Beliau berjasa pemersatu umat beragama dan kebudayaan simbol kebhinekaan NKRI.
Sampai skarang keluarga kami menghayati cara hidup beliau.
Semoga disegerakan untuk ziarah ke makam Beliau."
6 tahun lalu,Makam yang selalu ramai di kunjungi oleh peziarah. Makam ini di buka pada jam jam tertentu. Fasilitas lengkap dan sangat bersih. Banyak penjual oleh oleh di sekitar makam. Halaman parkir sangat luas.
5 tahun lalu,"Cukup banyak peziarah yg berkunjung ketempat ini, accsesnya sangat mudah dikunjungin. Banyak petugas parkir yg siap mengatur kendara stiap yg datang ketempat ini, dan terdapat hotel disekitar area ini."
2 bulan lalu,Jalan2 ke makam gus Dur... â˜ºâ˜ºâ˜º
7 tahun lalu,salam untukmu....para kyaiku...phlawanku..
setahun lalu,"Orang berjasa untuk indonesia,kejujuran dalam politik tidak punya saudara atau teman,sebaliknya kedzoliman akan banyak teman"
3 tahun lalu,Makam keramat yang sangat banyak dikunjungi peziarah. Tersedia fasilitas umum terutama bagi peziarah untuk bersuci didukung komunitas santri dan warga yang sangat ramah memungkinkan peziarah beribadah dengan nyaman.
6 tahun lalu,"Yang mau mencari Wisata Religi untuk daerah sekitar jawa timur bisa datang ke makam Presiden RI kita ke-4 yaitu KH. Abdurahman wahid (Gus dur), Ini termasuk salah satu wisata religi, selain makam wali songo di jawa timur yaitu seperti sunan ampel (surabaya), sunan bonang (tuban), sunan drajat (lamongan), sunan gresik (gresik), sunan giri (gresik)."
2 tahun lalu,"Tempat ziarah yang nyaman, bersih, dan adem"
setahun lalu,Makam Presiden RI ke 4.
2 tahun lalu,"Kompleks makam waliyullah.
Keluarga besar Tebuireng Jombang.

KH. Hasyim Asyari
KH. Abdurahman Wahid"
6 tahun lalu,Tempat ziarah yang sangat ramai dimana makam dari seorang ulama besar dan juga mantan Presiden Republik Indonesia bpk Gus Dur. Banyak penjual makanan dan aneka jajan juga tersedia.
setahun lalu,Lokasi Tempat Ziarah Yang Selalu Ramai Tiap Harinya...Memberi Berkah utk masyarakat sekitar Tebu Ireng.
6 tahun lalu,Sangat bagus.. banyak toko sofenirnya..
6 tahun lalu,Selamat datang di area makam gus dur. WALIYULLOH. yang menjadi presiden ke-4.  ... (utuk almarhum gusdur .... alfatikha) Bila anda berziarah kesini mengunakan bus maka anda bisa menghampiri langsung MUSIUM NUSANTARA. yangbaru d resmikan tgl. 18.12.18  diresmikan oleh prsiden RI . Bpk. JOKOWIDODO.
2 tahun lalu,"HatiÂ² sm penjual yg disana terutama penjual mangga yg tokonya namanya murah barokah, krn uda capek jd tak iyain aja harganya, timbangannya ga jujur harganya ga jujur, awas aja hbs gini toko ny tak jamin sepi. BnrÂ² sakit hati aku"
7 tahun lalu,"Subhanallah kagum dengan sosok gusdur, begitu dicintai masyarakat luas. Selalu ramai tidak pernah sepi pengunjung, manfaat juga untuk masyarakat sekitar makam. untuk jualan khas wisata religi."
6 tahun lalu,Parkir luas. Kalau mau beli oleh2 jg banyak pilihannya. Ada banyak penginapan murah. Di area makam sangat sejuk. Banyak pohon2 dan bunga2
3 tahun lalu,Alhamdulillah... sekarang uda dibuka lagi
5 tahun lalu,"Ada kontak pengelola makam yang bisa dihubungi ? Tolong informasinya Tetang jam buka yang tepat , saya dan rombongan anak"" SD kesana insyaallah hari Rabu . Dari Blora malam pukul 20.00 WIB"
6 tahun lalu,makam KH. Abdurrahman Wahid atau dikenal sebagai Gus Dur merupakan tempat wisata religi yang berada di jombang. tiap hari selalu banyak di kunjungi ziarah dari berbagai kota. tempatnya sangat bersih dan berada di dalam komplek santri Tebuireng jombang.
6 tahun lalu,09 02 2019 untuk kedua kalinya bisa ziarah kembali kesini...
2 tahun lalu,"Beliau adalah seorang ulama, karismatik, beliau alim.. masyaallah.. walaupun beliau sudah meninggal tapi masih menebarkan kesejahteraan untuk masyarakat disekitar"
8 tahun lalu,Wisata religi presiden RI ke 4 GUS DUR
6 tahun lalu,"Wisata religi yang recommended banget makam Gus Dur (k.h Abdurrahman Wahid) presiden RI ke 4,lokasinya berada d desa Cukir (ponpes Tebuireng Ireng )Jombang,,tempat parkir luas,sarana prasarana lengkap seperti masjid,toilet,dan pasar,,ada juga museum Nusantara k.h.hasyim As'ari yg masih dalam tahap pembangunan,,selamat berkunjung"
2 tahun lalu,"menurut saya..terlalu banyak bunga yg di makan alm.gusdur,sehingga terlihat dan tercium bau bunga yg tidak sedap...mohon untuk diperhatikan untuk bunga nya"
5 tahun lalu,"Ketemu banyak pengunjung, ada museum, penjual oleh2 dan makanan juga tidak sedikit, parkir luas, sekitarnya memang area persawahan tebu."
2 tahun lalu,Gus dur..semoga segala amal kebaikan di dunia di terima di sisi allah. Jasa mu di dunia islam indonesia tak akan pernah terlupakan sepanjang masa..semoga menjadi amal jariyah yang tiada putus putus nya aminn..
2 tahun lalu,Makam GusDur(MGD) di Cukir Jombang ini tak pernah sepi pengunjung Ziarah sepanjang hari&malam...jam kerja tutup pun banyak yg sdh nunggu...open 08.00~03.00.
setahun lalu,Alhamdulillah bisa kesini bawa rombongan
2 tahun lalu,"1 muharam  ramai pengunjung, parkiran tidak menampung,"
2 tahun lalu,tempat yang harus dikunjungi saat ada di jombang. Tempat yang tidak pernah sepi terlebih di hari minggu. Banyak sekali peziarah yang datang.
6 tahun lalu,"Lokasi makam,  penjual souvenir,  lahan parkir sudah semakin tertata rapi dan semakin baik,  cocok untuk wisata religi,  apalagi disini bersemayam tokoh bangsa"
5 tahun lalu,"makam gusdur atau nama aslinya K.H. Abdurrahman wachid selain kita kenal sebagai salah satu presiden RI, beliau juga seorang ulama' yang kharismatik, beliau dimakamkan di wilayah ponpes tebuireng jombang."
2 tahun lalu,"lama tak ke sini, sekarang aksesnya sudah bagus tdk melewati tengah pondok dan tidak mengganggu aktifitas santri, dgn kata lain kompleks makam sdh diluar area pondok"
3 tahun lalu,"Sebagai pengingat pda generasi penerus bangsa, bahwa dinegara kita pernah punya presiden yg ikhlas mengabdi tuk bangsa dn negara dn beliau sorg waliyulloh"
7 tahun lalu,"Tidak prnah sepi pengunjung,, prjalanan mudah dijangkau. Catatan trsendiri utk perempuan,,, brpakaian scara muslimah akan lebih baik, bebas tapi sopan gitu dechh,,,, hehe"
setahun lalu,"Ya Allah,smga ekonomi saya bisa stabil lagi, insyaallah saya mau ziarah ke makam gusdurğŸ¤²ğŸ¤²ğŸ˜­"
10 bulan lalu,Indah dan nyaman
2 tahun lalu,Bagus banget tempatnya
6 tahun lalu,"Gus Dur masih nongkrong di pojokan. Belum juga didatangi malaikat. Gus Dur gundah, Malaikat pun bingung.

""Ini yang ziaroh kok ya nggak habis-habis,"" celetuk Gus Dur.

Hhha. Gitu aja kok repot.

Al-fatihah untuk Almarhum Gus Dur. Sang guru bangsa, sosok Humanis yang luar biasa."
2 tahun lalu,"Awalnya mau ziarah ke makam, tapi mungkin karena udah ke sorean jadi udah tutup, alhasil hanya bisa foto di depan gerbang aja ğŸ¥²ğŸ¥²ğŸ¥²"
3 tahun lalu,Saat ini tgl 1 Mei 2021 komplek makam masih tertutup untuk ziarah. Menurut info belum ada kepastian kapan akan dibuka kembali
8 tahun lalu,Wisata Religi....Gusdur adalah ulama kharismatik sekaligus mantan presiden. Sudah sepantasnya kita sesekali berziarah ke makam gusdur di komplek pemakaman keluarga Pon-pes Tebu Ireng.
setahun lalu,Sementara 2 dahulu Ø¥ÙÙ†Ù’ Ø´ÙØ§Ø¡Ù Ø§Ù„Ù„Ù‘Ù°Ù‡Ù Rombongan jama'ah 1 Bus dari Desa Kutuan datang.
sebulan lalu,ğŸ˜­
2 tahun lalu,"Semua sempurna bagi peziaroh makom kh.Abddr.wahid. masjid tiilet umum bersih. Lokasi luas.
Sofenir, kuliner  bagus2."
5 tahun lalu,"Baru seminggu yg lalu saya pulang dari  makam Gus Dur tp kok pingin balik lagi ,smg Allah SWT memberikan klapangan rizqi & waktu tuk ziarah ke tmpt makam Gus Dur lg      Aamiin"
7 tahun lalu,"Bagi yang berencana berkunjung harap sesuaikan dengan jadwal buka. Antara sore hingga awal Isya',  tutup. Pagi jelang subuh hingga jam sekolah mau mulai juga tutup."
5 tahun lalu,"Semoga kita semua dapat mendoakan gus dur yang tenang di sana Amal Ibadah nya diterima oleh Allah SWT. Tidak ada lagi orang seperti mu gus dur. Is the best.
. Al Fatihah."
6 tahun lalu,"Widaya religi di tempat ini sangat saya rekomendasikan, lokasi yg sudah tertib, bersih, dan sejuk didukung denganTempat parkir luas, pasar cidera mata yg beraneka ragam, mck yg banyak"
7 tahun lalu,"Makam K.H Abdurrahman Wahid atau biasa disapa Gus Dur, adalah tokoh muslim Indonesia dan sekaligus pemimpin politik yg menjadi presiden Indonesia dari tahun 1999-2001, lahir 7 September 1940 di Jombang, dan meninggal di Jakarta pd tgl 30 Desember 2009"
6 tahun lalu,Wisata religi yg recomended di Jombang
5 tahun lalu,Alhamdulillah sebagai introspeksi diri sendiri bahwa semua yang hidup pasti dan akan mati dimana serta kapan itu rahasia Illahi.... Sudah siapkah dan apa bekalmu untuk mati .....?????
5 tahun lalu,Tempatnya bagus . Bersih.. sebagai wadah pembelajaran dan wisata religi . Disekitarnya ada pasar buat berburu sofenir dan oleh-oleh
7 tahun lalu,"Makam Hadratus Syaikh KH. Hasyim Asya'ari, KH. Yusuf Hasyim, KH. Abdurrahman Wahid dan keluarga Pesantren Tebuireng. Makamnya tidak pernah sepi, dan fasilitas untuk peziarah semakin lama semakin lengkap/memadai."
2 tahun lalu,Kalau mau ke ziarah ke makam liat jam buka-tutup di karenakan waktu nya terbatas
6 tahun lalu,"Tempat pemakaman seorang ulama besar dan juga mantan presiden republik Indonesia KH. Abdurrahman Wahid, Jombang Jawa Timur. Makam ini masih dalam satu komplek dengan pesantren Tebu Ireng"
2 tahun lalu,"Kalo Kamis, jangan sampai tiba jam 14.30
Karena gerbang masuk sudah ditutup, bisa di luar saja"
4 tahun lalu,Selain berziarah Qt pun bisa sekalian refreshing ğŸ˜ waw bgt pokok nyağŸ˜ semua dpatğŸ‘ dr ilmu pengetahuan dll .. keindahan nya ..suasananya... Uhhhc suka bgt
6 tahun lalu,Salah satu makam mantan presiden yg selalu ramai di kunjungi.. tempatnya nyaman dan bersih meski tak begitu luas...
setahun lalu,"Makam orang sholeh, tempat sejuk tenang, nikmat ,semoga dapat keberkahan melimpah ğŸ¤²ğŸ»"
6 tahun lalu,"Salah satu tempat yang memiliki nilai sejarah dan spiritual. Di sana terdapat makam Gus Dur, KH Wahid Hasyim, dan tentunya Hadratussyaikh KH Hasyim Asy'ari. Lahumul Fatihah"
5 tahun lalu,"Makam yang ramai karena ada pondok juga.
Tempat parkir lumayan jauh, tapi ada penjual di sekitar jalan menuju makam"
setahun lalu,Maqam Gusdur selalu ramai oleh peziarah dari berbagai daerah kondisi sudah tertata rapi
3 tahun lalu,Saya menangis haru ketika melihat tol jombang. Saat itu jam 3 pagi. Haru karena di takdirkan ziarah ke gusdur.
2 tahun lalu,Ada jam tutupnya harap para peziaroh mengetehui dahulu biar bisa masuk lokasi makam
3 bulan lalu,Mohon jam jadwal diupdate
2 tahun lalu,"Al Fatihah kagem Gus Dur.
Tempat pemakaman yang sejuk di jiwa maupun raga
Parkir luas,harga makanan umum."
6 tahun lalu,Waktu itu saya ke sana jam 02.00 rameeee bangettt .ada museum gus dur gitu tapi waktu itu belum dibuka masih renofasi
6 tahun lalu,"Rapih, bersih, tidak banyak pedagang dan ramai"
6 tahun lalu,Salah satu ulama besar NU dan juga mantan presiden Republik Indonesia. Kawasan yang selalu ramai oleh para peziarah dari banyak kota di seluruh Indonesia.
7 tahun lalu,Karena nanti tgl 17-Maret-2018 ziarah di makam gus dur semoga pejalanan diberikan kelancaran amiin ya robbal alamin
2 tahun lalu,Alhamdulillah bisa ziarah makam Gus Dur
4 tahun lalu,Banyak pelajaran yang dapat kita petik dari tempat ini. Tetap terasa menenangkan meski ramai peziarah
